{
    "sentiment_score": 0.22470636677390726,
    "composite_engagement_score": 0.1550628917289145,
    "q_work_life_balance": 0.053178133945271426,
    "tfidf_work": 0.04888566379733983,
    "tfidf_okay": 0.039622467995928,
    "tfidf_team": 0.03012835278976849,
    "tfidf_management": 0.023102334553980336,
    "q_career_growth": 0.0219758388446601,
    "tfidf_decent": 0.02158713588738209,
    "q_manager_effectiveness": 0.02108367408771732,
    "tfidf_overworked": 0.020650142118104075,
    "tfidf_doesnt": 0.019779855312920702,
    "tfidf_communication": 0.019753388645716782,
    "tfidf_better": 0.01916460001243965,
    "tfidf_poor": 0.01840838711045248,
    "tfidf_place": 0.016768343187067124,
    "tfidf_bad": 0.015684151764674647,
    "tfidf_listen": 0.015325221418503374,
    "tfidf_great": 0.014980955781054897,
    "tfidf_underpaid": 0.01486772559964231,
    "tfidf_growth": 0.014562116712654758,
    "tfidf_balance": 0.014334364715811803,
    "tfidf_supportive": 0.014018258785574287,
    "tfidf_life": 0.0136422822262392,
    "tfidf_average": 0.013493309273471525,
    "tfidf_good": 0.01216080685419657,
    "tfidf_need": 0.011962801324275628,
    "tfidf_enough": 0.010349348174399664,
    "tfidf_repetitive": 0.009878454031095081,
    "tfidf_days": 0.009460430530059055,
    "tfidf_love": 0.009343800936308105,
    "tfidf_fine": 0.008530639453023445,
    "tfidf_opportunities": 0.00845984413053097,
    "tfidf_benefits": 0.008454925170477101,
    "tfidf_best": 0.006437865210348235,
    "tenure_years": 0.004040349246642123,
    "tfidf_worked": 0.003948364570919438,
    "tfidf_company": 0.0037429082380397243,
    "tfidf_excellent": 0.0025214015283845288,
    "tfidf_ive": 0.0022484161478968628,
    "department_Sales": 0.0010221887810184242,
    "role_Individual Contributor": 0.0009224814953525495,
    "department_Finance": 0.0005541497894681825,
    "role_Manager": 0.0005022281623965415,
    "department_HR": 0.00037581026891160877,
    "department_Marketing": 0.0003168228870591373
}